{
  "metadata": {
    "timestamp": "2026-06-12T17:43:49.629168+00:00",
    "n_docs": 300,
    "n_questions": 300,
    "k": 10,
    "pipelines_requested": [
      "hybrid_rrf_fixed",
      "hybrid_rrf_fixed_rerank",
      "bm25_fixed",
      "dense_fixed"
    ],
    "pipelines_completed": [
      "hybrid_rrf_fixed",
      "hybrid_rrf_fixed_rerank",
      "bm25_fixed",
      "dense_fixed"
    ],
    "reference_pipeline": "hybrid_rrf_fixed",
    "embedding_model": "sentence-transformers/all-MiniLM-L6-v2",
    "reranker_model": "cross-encoder/ms-marco-MiniLM-L-6-v2"
  },
  "pipelines": {
    "hybrid_rrf_fixed": {
      "summary": {
        "hit_rate@1": {
          "mean": 0.51,
          "ci_lo": 0.45,
          "ci_hi": 0.5633333333333334
        },
        "recall@1": {
          "mean": 0.51,
          "ci_lo": 0.45,
          "ci_hi": 0.5633333333333334
        },
        "precision@1": {
          "mean": 0.51,
          "ci_lo": 0.45,
          "ci_hi": 0.5633333333333334
        },
        "ndcg@1": {
          "mean": 0.51,
          "ci_lo": 0.45,
          "ci_hi": 0.5633333333333334
        },
        "hit_rate@3": {
          "mean": 0.8833333333333333,
          "ci_lo": 0.8433333333333334,
          "ci_hi": 0.92
        },
        "recall@3": {
          "mean": 0.8833333333333333,
          "ci_lo": 0.8433333333333334,
          "ci_hi": 0.92
        },
        "precision@3": {
          "mean": 0.29444444444444445,
          "ci_lo": 0.2811111111111111,
          "ci_hi": 0.30666666666666664
        },
        "ndcg@3": {
          "mean": 0.7280898075238166,
          "ci_lo": 0.6888816325821497,
          "ci_hi": 0.7649576931440536
        },
        "hit_rate@5": {
          "mean": 0.9333333333333333,
          "ci_lo": 0.9033333333333333,
          "ci_hi": 0.96
        },
        "recall@5": {
          "mean": 0.9333333333333333,
          "ci_lo": 0.9033333333333333,
          "ci_hi": 0.96
        },
        "precision@5": {
          "mean": 0.18666666666666662,
          "ci_lo": 0.18066666666666664,
          "ci_hi": 0.19199999999999998
        },
        "ndcg@5": {
          "mean": 0.7487471604107091,
          "ci_lo": 0.7130378630336881,
          "ci_hi": 0.7813410801982248
        },
        "hit_rate@10": {
          "mean": 0.9666666666666667,
          "ci_lo": 0.9433333333333334,
          "ci_hi": 0.9866666666666667
        },
        "recall@10": {
          "mean": 0.9666666666666667,
          "ci_lo": 0.9433333333333334,
          "ci_hi": 0.9866666666666667
        },
        "precision@10": {
          "mean": 0.09666666666666664,
          "ci_lo": 0.09433333333333332,
          "ci_hi": 0.09866666666666665
        },
        "ndcg@10": {
          "mean": 0.7595650858435822,
          "ci_lo": 0.7267202515191686,
          "ci_hi": 0.7902688761139867
        },
        "mrr": {
          "mean": 0.6904338624338624,
          "ci_lo": 0.650344675925926,
          "ci_hi": 0.7276588624338625
        },
        "map": {
          "mean": 0.6904338624338624,
          "ci_lo": 0.650344675925926,
          "ci_hi": 0.7276588624338625
        }
      },
      "latency": {
        "p50_ms": 4.331124509917572,
        "p95_ms": 17.85151043441147,
        "mean_ms": 5.357497330405749
      },
      "n_queries": 300
    },
    "hybrid_rrf_fixed_rerank": {
      "summary": {
        "hit_rate@1": {
          "mean": 0.6533333333333333,
          "ci_lo": 0.6,
          "ci_hi": 0.7066666666666667
        },
        "recall@1": {
          "mean": 0.6533333333333333,
          "ci_lo": 0.6,
          "ci_hi": 0.7066666666666667
        },
        "precision@1": {
          "mean": 0.6533333333333333,
          "ci_lo": 0.6,
          "ci_hi": 0.7066666666666667
        },
        "ndcg@1": {
          "mean": 0.6533333333333333,
          "ci_lo": 0.6,
          "ci_hi": 0.7066666666666667
        },
        "hit_rate@3": {
          "mean": 0.9166666666666666,
          "ci_lo": 0.8866666666666667,
          "ci_hi": 0.9466666666666667
        },
        "recall@3": {
          "mean": 0.9166666666666666,
          "ci_lo": 0.8866666666666667,
          "ci_hi": 0.9466666666666667
        },
        "precision@3": {
          "mean": 0.3055555555555555,
          "ci_lo": 0.2955555555555555,
          "ci_hi": 0.31555555555555553
        },
        "ndcg@3": {
          "mean": 0.8116223832261964,
          "ci_lo": 0.7778075486047694,
          "ci_hi": 0.8436903757470317
        },
        "hit_rate@5": {
          "mean": 0.9633333333333334,
          "ci_lo": 0.9433333333333334,
          "ci_hi": 0.9833333333333333
        },
        "recall@5": {
          "mean": 0.9633333333333334,
          "ci_lo": 0.9433333333333334,
          "ci_hi": 0.9833333333333333
        },
        "precision@5": {
          "mean": 0.19266666666666665,
          "ci_lo": 0.18866666666666662,
          "ci_hi": 0.19666666666666666
        },
        "ndcg@5": {
          "mean": 0.8309902267556405,
          "ci_lo": 0.8023089334171213,
          "ci_hi": 0.8598590140610576
        },
        "hit_rate@10": {
          "mean": 0.9633333333333334,
          "ci_lo": 0.9433333333333334,
          "ci_hi": 0.9833333333333333
        },
        "recall@10": {
          "mean": 0.9633333333333334,
          "ci_lo": 0.9433333333333334,
          "ci_hi": 0.9833333333333333
        },
        "precision@10": {
          "mean": 0.09633333333333333,
          "ci_lo": 0.09433333333333331,
          "ci_hi": 0.09833333333333333
        },
        "ndcg@10": {
          "mean": 0.8309902267556405,
          "ci_lo": 0.8023089334171213,
          "ci_hi": 0.8598590140610576
        },
        "mrr": {
          "mean": 0.7858333333333334,
          "ci_lo": 0.7512666666666666,
          "ci_hi": 0.8207791666666666
        },
        "map": {
          "mean": 0.7858333333333334,
          "ci_lo": 0.7512666666666666,
          "ci_hi": 0.8207791666666666
        }
      },
      "latency": {
        "p50_ms": 68.76670851488598,
        "p95_ms": 122.93477143975909,
        "mean_ms": 138.39438657159917
      },
      "n_queries": 300
    },
    "bm25_fixed": {
      "summary": {
        "hit_rate@1": {
          "mean": 0.5266666666666666,
          "ci_lo": 0.47333333333333333,
          "ci_hi": 0.5833333333333334
        },
        "recall@1": {
          "mean": 0.5266666666666666,
          "ci_lo": 0.47333333333333333,
          "ci_hi": 0.5833333333333334
        },
        "precision@1": {
          "mean": 0.5266666666666666,
          "ci_lo": 0.47333333333333333,
          "ci_hi": 0.5833333333333334
        },
        "ndcg@1": {
          "mean": 0.5266666666666666,
          "ci_lo": 0.47333333333333333,
          "ci_hi": 0.5833333333333334
        },
        "hit_rate@3": {
          "mean": 0.7966666666666666,
          "ci_lo": 0.75,
          "ci_hi": 0.84
        },
        "recall@3": {
          "mean": 0.7966666666666666,
          "ci_lo": 0.75,
          "ci_hi": 0.84
        },
        "precision@3": {
          "mean": 0.26555555555555554,
          "ci_lo": 0.24999999999999994,
          "ci_hi": 0.28
        },
        "ndcg@3": {
          "mean": 0.6874161848690534,
          "ci_lo": 0.6424863140217323,
          "ci_hi": 0.7292420061878041
        },
        "hit_rate@5": {
          "mean": 0.8866666666666667,
          "ci_lo": 0.85,
          "ci_hi": 0.92
        },
        "recall@5": {
          "mean": 0.8866666666666667,
          "ci_lo": 0.85,
          "ci_hi": 0.92
        },
        "precision@5": {
          "mean": 0.1773333333333333,
          "ci_lo": 0.17,
          "ci_hi": 0.184
        },
        "ndcg@5": {
          "mean": 0.7236937292147905,
          "ci_lo": 0.6846321406264583,
          "ci_hi": 0.7603010804091112
        },
        "hit_rate@10": {
          "mean": 0.93,
          "ci_lo": 0.8966666666666666,
          "ci_hi": 0.9566666666666667
        },